{
  "project_info": {
    "project_number": "291227395537",
    "firebase_url": "https://fusetimeapp-234d7-default-rtdb.firebaseio.com",
    "project_id": "fusetimeapp-234d7",
    "storage_bucket": "fusetimeapp-234d7.appspot.com"
  },
  "client": [
    {
      "client_info": {
        "mobilesdk_app_id": "1:291227395537:android:c6d8e0e2ffbca928506cf0",
        "android_client_info": {
          "package_name": "com.example.thefuseapp"
        }
      },
      "oauth_client": [
        {
          "client_id": "291227395537-j5kfip68kg8t1rea2kr8e3qci47g81u5.apps.googleusercontent.com",
          "client_type": 3
        }
      ],
      "api_key": [
        {
          "current_key": "AIzaSyBZSbtLSTxPpA2c41jo7qIcZ3YMWaefG6E"
        }
      ],
      "services": {
        "appinvite_service": {
          "other_platform_oauth_client": [
            {
              "client_id": "291227395537-j5kfip68kg8t1rea2kr8e3qci47g81u5.apps.googleusercontent.com",
              "client_type": 3
            }
          ]
        }
      }
    }
  ],
  "configuration_version": "1"
}